name,url,difficulty
Two Sum,https://leetcode.com/problems/two-sum/,1
Best Time to Buy and Sell Stock,https://leetcode.com/problems/best-time-to-buy-and-sell-stock/,1
Contains Duplicate,https://leetcode.com/problems/contains-duplicate/,1
Product of Array Except Self,https://leetcode.com/problems/product-of-array-except-self/,2
Maximum Subarray,https://leetcode.com/problems/maximum-subarray/,2
Maximum Product Subarray,https://leetcode.com/problems/maximum-product-subarray/,2
Find Minimum in Rotated Sorted Array,https://leetcode.com/problems/find-minimum-in-rotated-sorted-array/,2
Search in Rotated Sorted Array,https://leetcode.com/problems/search-in-rotated-sorted-array/,2
3Sum,https://leetcode.com/problems/3sum/,2
Container With Most Water,https://leetcode.com/problems/container-with-most-water/,2
Sum of Two Integers,https://leetcode.com/problems/sum-of-two-int,2
Number of 1 Bits,https://leetcode.com/problems/number-of-1-bits/,1
Counting Bits,https://leetcode.com/problems/counting-bits/,1
Missing Number,https://leetcode.com/problems/missing-number/,1
Reverse Bits,https://leetcode.com/problems/reverse-bits/,1
Climbing Stairs,https://leetcode.com/problems/climbing-stairs/,1
Coin Change,https://leetcode.com/problems/coin-change/,2
Longest Increasing Subsequence,https://leetcode.com/problems/longest-increasing-subsequence/,2
Longest Common Subsequence,https://leetcode.com/problems/longest-common-subsequence/,2
Word Break Problem,https://leetcode.com/problems/word-break/,2
Combination Sum,https://leetcode.com/problems/combination-sum-iv/,2
House Robber,https://leetcode.com/problems/house-robber/,2
House Robber II,https://leetcode.com/problems/house-robber-ii/,2
Decode Ways,https://leetcode.com/problems/decode-ways/,2
Unique Paths,https://leetcode.com/problems/unique-paths/,2
Jump Game,https://leetcode.com/problems/jump-game/,2
Clone Graph,https://leetcode.com/problems/clone-graph/,2
Course Schedule,https://leetcode.com/problems/course-schedule/,2
Pacific Atlantic Water Flow,https://leetcode.com/problems/pacific-atlantic-water-flow/,2
Number of Islands,https://leetcode.com/problems/number-of-islands/,2
Longest Consecutive Sequence,https://leetcode.com/problems/longest-consecutive-sequence/,2
Alien Dictionary (Leetcode Premium),https://leetcode.com/problems/alien-dictionary/,3
Graph Valid Tree (Leetcode Premium),https://leetcode.com/problems/graph-valid-tree/,2
Number of Connected Components in an Undirected Graph (Leetcode Premium),https://leetcode.com/problems/number-of-connected-components-in-an-undirected-graph/,2
Insert Interval,https://leetcode.com/problems/insert-interval/,2
Merge Intervals,https://leetcode.com/problems/merge-intervals/,2
Non-overlapping Intervals,https://leetcode.com/problems/non-overlapping-intervals/,2
Meeting Rooms (Leetcode Premium),https://leetcode.com/problems/meeting-rooms/,1
Meeting Rooms II (Leetcode Premium),https://leetcode.com/problems/meeting-rooms-ii/,2
Reverse a Linked List,https://leetcode.com/problems/reverse-linked-list/,1
Detect Cycle in a Linked List,https://leetcode.com/problems/linked-list-cycle/,1
Merge Two Sorted Lists,https://leetcode.com/problems/merge-two-sorted-lists/,1
Merge K Sorted Lists,https://leetcode.com/problems/merge-k-sorted-lists/,3
Remove Nth Node From End Of List,https://leetcode.com/problems/remove-nth-node-from-end-of-list/,2
Reorder List,https://leetcode.com/problems/reorder-list/,2
Set Matrix Zeroes,https://leetcode.com/problems/set-matrix-zeroes/,2
Spiral Matrix,https://leetcode.com/problems/spiral-matrix/,2
Rotate Image,https://leetcode.com/problems/rotate-image/,2
Word Search,https://leetcode.com/problems/word-search/,2
Longest Substring Without Repeating Characters,https://leetcode.com/problems/longest-substring-without-repeating-characters/,2
Longest Repeating Character Replacement,https://leetcode.com/problems/longest-repeating-character-replacement/,2
Minimum Window Substring,https://leetcode.com/problems/minimum-window-substring/,3
Valid Anagram,https://leetcode.com/problems/valid-anagram/,1
Group Anagrams,https://leetcode.com/problems/group-anagrams/,2
Valid Parentheses,https://leetcode.com/problems/valid-parentheses/,1
Valid Palindrome,https://leetcode.com/problems/valid-palindrome/,1
Longest Palindromic Substring,https://leetcode.com/problems/longest-palindromic-substring/,2
Palindromic Substrings,https://leetcode.com/problems/palindromic-substrings/,2
Encode and Decode Strings (Leetcode Premium),https://leetcode.com/problems/encode-and-decode-strings/,2
Maximum Depth of Binary Tree,https://leetcode.com/problems/maximum-depth-of-binary-tree/,1
Same Tree,https://leetcode.com/problems/same-tree/,1
Invert/Flip Binary Tree,https://leetcode.com/problems/invert-binary-tree/,1
Binary Tree Maximum Path Sum,https://leetcode.com/problems/binary-tree-maximum-path-sum/,3
Binary Tree Level Order Traversal,https://leetcode.com/problems/binary-tree-level-order-traversal/,2
Serialize and Deserialize Binary Tree,https://leetcode.com/problems/serialize-and-deserialize-binary-tree/,3
Subtree of Another Tree,https://leetcode.com/problems/subtree-of-another-tree/,1
Construct Binary Tree from Preorder and Inorder Traversal,https://leetcode.com/problems/construct-binary-tree-from-preorder-and-inorder-traversal/,2
Validate Binary Search Tree,https://leetcode.com/problems/validate-binary-search-tree/,2
Kth Smallest Element in a BST,https://leetcode.com/problems/kth-smallest-element-in-a-bst/,2
Lowest Common Ancestor of BST,https://leetcode.com/problems/lowest-common-ancestor-of-a-binary-search-tree/,1
Implement Trie (Prefix Tree),https://leetcode.com/problems/implement-trie-prefix-tree/,2
Add and Search Word,https://leetcode.com/problems/add-and-search-word-data-structure-design/,2
Word Search II,https://leetcode.com/problems/word-search-ii/,3
Top K Frequent Elements,https://leetcode.com/problems/top-k-frequent-elements/,2
Find Median from Data Stream,https://leetcode.com/problems/find-median-from-data-stream/,3